{"index":9,"version":1,"parentId":"A9C2BD7E-85F2-4036-914F-3516C259A412","name":"Color name","color":{"r":0.796078431372549,"b":0.796078431372549,"g":0.796078431372549,"a":1}}