{"color":{"r":0.08235294117647059,"b":0.7529411764705882,"g":0.396078431372549,"a":1},"name":"Primary\n","category":"Document Colors","index":3}