{"color":{"r":0.08235294117647059,"b":0.7529411764705882,"g":0.396078431372549,"a":1},"index":3,"parentId":"A9C2BD7E-85F2-4036-914F-3516C259A412","name":"Primary\n","version":1}