{"index":6,"version":1,"parentId":"A9C2BD7E-85F2-4036-914F-3516C259A412","name":"tests\/test2","color":{"r":0.2666666666666667,"b":0.2666666666666667,"g":0.2666666666666667,"a":1}}