{"color":{"r":0,"b":0.5607843137254902,"g":0.2352941176470588,"a":1},"name":"Primary Dark","category":"Document Colors","index":0}