{"color":{"r":0,"b":0.5607843137254902,"g":0.2352941176470588,"a":1},"index":0,"parentId":"A9C2BD7E-85F2-4036-914F-3516C259A412","name":"Primary Dark","version":1}