{"color":{"r":0.7411764705882353,"b":0.7411764705882353,"g":0.7411764705882353,"a":1},"name":"Secondary","category":"Document Colors","index":5}