{"color":{"r":0.7411764705882353,"b":0.7411764705882353,"g":0.7411764705882353,"a":1},"index":5,"parentId":"A9C2BD7E-85F2-4036-914F-3516C259A412","name":"Secondary","version":1}