{"index":7,"version":1,"parentId":"A9C2BD7E-85F2-4036-914F-3516C259A412","name":"Color name","color":{"r":0.5176470588235293,"b":0.5176470588235293,"g":0.5176470588235293,"a":1}}