{"color":{"r":0.9372549019607843,"b":0.9372549019607843,"g":0.9372549019607843,"a":1},"name":"Secondary Light","category":"Document Colors","index":1}