{"color":{"r":0.9372549019607843,"b":0.9372549019607843,"g":0.9372549019607843,"a":1},"index":1,"parentId":"A9C2BD7E-85F2-4036-914F-3516C259A412","name":"Secondary Light","version":1}