{"color":{"r":0.3686274509803922,"b":0.9529411764705882,"g":0.5725490196078431,"a":1},"name":"Primary Light","category":"Document Colors","index":4}