{"color":{"r":0.3686274509803922,"b":0.9529411764705882,"g":0.5725490196078431,"a":1},"index":4,"parentId":"A9C2BD7E-85F2-4036-914F-3516C259A412","name":"Primary Light","version":1}